{
    "A1":[-1.8422481301835774,38.98488964156488],
    "A2": [-1.8536933480514222,38.983374550611956],
    "A3": [-1.8565606069410023,38.990004480165794],
    "A4": [-1.8701271969283653,38.990006199543956],
    "A5": [-1.8664735791973328,38.99142593406776],
    "A6": [-1.852146382133526,38.99702857853143],
    "A7":[-1.863801341462704,38.99664316744648],
    "A8": [-1.8770959345963831,39.000682546435144],
    "A9":  [-1.8734405843852358,39.010250687009915],
    "A10": [-1.859224661153604,39.00493209582416]
}